image,epoch,step,reconstructed_image,total_loss,reconstruction_mse,mean_energy,mean_order_parameter,order_parameter_susceptibility
monalisa.jpg,0,0,/home/adminpc/Desktop/HVK/Script/Hamiltonian_Vision_Kernel/Main2/Scripts/phase_transition_frames/epoch_0000.png,0.08130548894405365,0.08109694719314575,0.020854461938142776,-0.010879019275307655,0.0
monalisa.jpg,1,1,/home/adminpc/Desktop/HVK/Script/Hamiltonian_Vision_Kernel/Main2/Scripts/phase_transition_frames/epoch_0001.png,0.07555973529815674,0.07562326639890671,-0.006353065371513367,-0.017009187489748,0.006130168214440346
monalisa.jpg,2,2,/home/adminpc/Desktop/HVK/Script/Hamiltonian_Vision_Kernel/Main2/Scripts/phase_transition_frames/epoch_0002.png,0.06638853251934052,0.06670365482568741,-0.03151257708668709,-0.023073384538292885,0.006064197048544884
monalisa.jpg,3,3,/home/adminpc/Desktop/HVK/Script/Hamiltonian_Vision_Kernel/Main2/Scripts/phase_transition_frames/epoch_0003.png,0.052835192531347275,0.05337398499250412,-0.05387929081916809,-0.03937961906194687,0.016306234523653984
monalisa.jpg,4,4,/home/adminpc/Desktop/HVK/Script/Hamiltonian_Vision_Kernel/Main2/Scripts/phase_transition_frames/epoch_0004.png,0.03818131983280182,0.038925983011722565,-0.07446645200252533,-0.053554244339466095,0.014174625277519226
monalisa.jpg,5,5,/home/adminpc/Desktop/HVK/Script/Hamiltonian_Vision_Kernel/Main2/Scripts/phase_transition_frames/epoch_0005.png,0.031814586371183395,0.0327627956867218,-0.0948207825422287,-0.06897998601198196,0.01542574167251587
monalisa.jpg,6,6,/home/adminpc/Desktop/HVK/Script/Hamiltonian_Vision_Kernel/Main2/Scripts/phase_transition_frames/epoch_0006.png,0.03538241982460022,0.03653419017791748,-0.11517705023288727,-0.08394408971071243,0.014964103698730469
monalisa.jpg,7,7,/home/adminpc/Desktop/HVK/Script/Hamiltonian_Vision_Kernel/Main2/Scripts/phase_transition_frames/epoch_0007.png,0.035055480897426605,0.03637125343084335,-0.13157738745212555,-0.09708024561405182,0.013136155903339386
monalisa.jpg,8,8,/home/adminpc/Desktop/HVK/Script/Hamiltonian_Vision_Kernel/Main2/Scripts/phase_transition_frames/epoch_0008.png,0.02959202043712139,0.03103102371096611,-0.1439002901315689,-0.1033557876944542,0.006275542080402374
monalisa.jpg,9,9,/home/adminpc/Desktop/HVK/Script/Hamiltonian_Vision_Kernel/Main2/Scripts/phase_transition_frames/epoch_0009.png,0.023404771462082863,0.024933641776442528,-0.15288697183132172,-0.11040477454662323,0.007048986852169037
monalisa.jpg,10,10,/home/adminpc/Desktop/HVK/Script/Hamiltonian_Vision_Kernel/Main2/Scripts/phase_transition_frames/epoch_0010.png,0.020138856023550034,0.021740321069955826,-0.160146564245224,-0.10820899158716202,0.002195782959461212
monalisa.jpg,11,11,/home/adminpc/Desktop/HVK/Script/Hamiltonian_Vision_Kernel/Main2/Scripts/phase_transition_frames/epoch_0011.png,0.020144080743193626,0.021820567548274994,-0.16764871776103973,-0.11006192117929459,0.0018529295921325684
monalisa.jpg,12,12,/home/adminpc/Desktop/HVK/Script/Hamiltonian_Vision_Kernel/Main2/Scripts/phase_transition_frames/epoch_0012.png,0.021065061911940575,0.02283475548028946,-0.17696930468082428,-0.11146422475576401,0.0014023035764694214
monalisa.jpg,13,13,/home/adminpc/Desktop/HVK/Script/Hamiltonian_Vision_Kernel/Main2/Scripts/phase_transition_frames/epoch_0013.png,0.020972367376089096,0.02285759709775448,-0.18852293491363525,-0.11316066235303879,0.0016964375972747803
monalisa.jpg,14,14,/home/adminpc/Desktop/HVK/Script/Hamiltonian_Vision_Kernel/Main2/Scripts/phase_transition_frames/epoch_0014.png,0.01955750398337841,0.02158217690885067,-0.20246730744838715,-0.11666394025087357,0.003503277897834778
monalisa.jpg,15,15,/home/adminpc/Desktop/HVK/Script/Hamiltonian_Vision_Kernel/Main2/Scripts/phase_transition_frames/epoch_0015.png,0.017638804391026497,0.019825514405965805,-0.2186710387468338,-0.11597353965044022,0.0006904006004333496
monalisa.jpg,16,16,/home/adminpc/Desktop/HVK/Script/Hamiltonian_Vision_Kernel/Main2/Scripts/phase_transition_frames/epoch_0016.png,0.0162360779941082,0.018603695556521416,-0.23676170408725739,-0.12169311940670013,0.005719579756259918
monalisa.jpg,17,17,/home/adminpc/Desktop/HVK/Script/Hamiltonian_Vision_Kernel/Main2/Scripts/phase_transition_frames/epoch_0017.png,0.01593119651079178,0.01849113032221794,-0.2559933066368103,-0.12223488837480545,0.0005417689681053162
monalisa.jpg,18,18,/home/adminpc/Desktop/HVK/Script/Hamiltonian_Vision_Kernel/Main2/Scripts/phase_transition_frames/epoch_0018.png,0.016270721331238747,0.019025519490242004,-0.27547982335090637,-0.1271485537290573,0.004913665354251862
monalisa.jpg,19,19,/home/adminpc/Desktop/HVK/Script/Hamiltonian_Vision_Kernel/Main2/Scripts/phase_transition_frames/epoch_0019.png,0.01649957150220871,0.019443480297923088,-0.2943909764289856,-0.13140422105789185,0.004255667328834534
monalisa.jpg,20,20,/home/adminpc/Desktop/HVK/Script/Hamiltonian_Vision_Kernel/Main2/Scripts/phase_transition_frames/epoch_0020.png,0.016127759590744972,0.019250530749559402,-0.31227704882621765,-0.1298949122428894,0.0015093088150024414
monalisa.jpg,21,21,/home/adminpc/Desktop/HVK/Script/Hamiltonian_Vision_Kernel/Main2/Scripts/phase_transition_frames/epoch_0021.png,0.0151231549680233,0.018414052203297615,-0.3290897309780121,-0.1295844316482544,0.00031048059463500977
monalisa.jpg,22,22,/home/adminpc/Desktop/HVK/Script/Hamiltonian_Vision_Kernel/Main2/Scripts/phase_transition_frames/epoch_0022.png,0.014150167815387249,0.017601551488041878,-0.3451383411884308,-0.13261517882347107,0.003030747175216675
monalisa.jpg,23,23,/home/adminpc/Desktop/HVK/Script/Hamiltonian_Vision_Kernel/Main2/Scripts/phase_transition_frames/epoch_0023.png,0.013516012579202652,0.017126817256212234,-0.36108046770095825,-0.13425025343894958,0.0016350746154785156
monalisa.jpg,24,24,/home/adminpc/Desktop/HVK/Script/Hamiltonian_Vision_Kernel/Main2/Scripts/phase_transition_frames/epoch_0024.png,0.01338510774075985,0.017159171402454376,-0.37740641832351685,-0.13542260229587555,0.0011723488569259644
monalisa.jpg,25,25,/home/adminpc/Desktop/HVK/Script/Hamiltonian_Vision_Kernel/Main2/Scripts/phase_transition_frames/epoch_0025.png,0.013219505548477173,0.01716327667236328,-0.39437708258628845,-0.13289153575897217,0.0025310665369033813
monalisa.jpg,26,26,/home/adminpc/Desktop/HVK/Script/Hamiltonian_Vision_Kernel/Main2/Scripts/phase_transition_frames/epoch_0026.png,0.012835707515478134,0.016955818980932236,-0.41201117634773254,-0.1336905062198639,0.0007989704608917236
monalisa.jpg,27,27,/home/adminpc/Desktop/HVK/Script/Hamiltonian_Vision_Kernel/Main2/Scripts/phase_transition_frames/epoch_0027.png,0.012118316255509853,0.01641957461833954,-0.4301258623600006,-0.13205021619796753,0.0016402900218963623
monalisa.jpg,28,28,/home/adminpc/Desktop/HVK/Script/Hamiltonian_Vision_Kernel/Main2/Scripts/phase_transition_frames/epoch_0028.png,0.011395236477255821,0.015879079699516296,-0.4483843445777893,-0.13330070674419403,0.0012504905462265015
monalisa.jpg,29,29,/home/adminpc/Desktop/HVK/Script/Hamiltonian_Vision_Kernel/Main2/Scripts/phase_transition_frames/epoch_0029.png,0.010864571668207645,0.015529738739132881,-0.4665167033672333,-0.13258729875087738,0.0007134079933166504
monalisa.jpg,30,30,/home/adminpc/Desktop/HVK/Script/Hamiltonian_Vision_Kernel/Main2/Scripts/phase_transition_frames/epoch_0030.png,0.010518141090869904,0.015363898128271103,-0.48457565903663635,-0.1325071007013321,8.019804954528809e-05
monalisa.jpg,31,31,/home/adminpc/Desktop/HVK/Script/Hamiltonian_Vision_Kernel/Main2/Scripts/phase_transition_frames/epoch_0031.png,0.010177787393331528,0.015206330455839634,-0.5028542876243591,-0.1293964684009552,0.003110632300376892
monalisa.jpg,32,32,/home/adminpc/Desktop/HVK/Script/Hamiltonian_Vision_Kernel/Main2/Scripts/phase_transition_frames/epoch_0032.png,0.009810961782932281,0.015026528388261795,-0.5215566158294678,-0.13011756539344788,0.0007210969924926758
monalisa.jpg,33,33,/home/adminpc/Desktop/HVK/Script/Hamiltonian_Vision_Kernel/Main2/Scripts/phase_transition_frames/epoch_0033.png,0.00921458937227726,0.01462073065340519,-0.5406141877174377,-0.13094186782836914,0.0008243024349212646
monalisa.jpg,34,34,/home/adminpc/Desktop/HVK/Script/Hamiltonian_Vision_Kernel/Main2/Scripts/phase_transition_frames/epoch_0034.png,0.008701970800757408,0.014301114715635777,-0.5599143505096436,-0.12934979796409607,0.0015920698642730713
monalisa.jpg,35,35,/home/adminpc/Desktop/HVK/Script/Hamiltonian_Vision_Kernel/Main2/Scripts/phase_transition_frames/epoch_0035.png,0.008261226117610931,0.014056907966732979,-0.5795682668685913,-0.12958097457885742,0.00023117661476135254
monalisa.jpg,36,36,/home/adminpc/Desktop/HVK/Script/Hamiltonian_Vision_Kernel/Main2/Scripts/phase_transition_frames/epoch_0036.png,0.007918933406472206,0.01391675230115652,-0.59978187084198,-0.13019686937332153,0.0006158947944641113
monalisa.jpg,37,37,/home/adminpc/Desktop/HVK/Script/Hamiltonian_Vision_Kernel/Main2/Scripts/phase_transition_frames/epoch_0037.png,0.0074653769843280315,0.013673212379217148,-0.6207835674285889,-0.13249816000461578,0.0023012906312942505
monalisa.jpg,38,38,/home/adminpc/Desktop/HVK/Script/Hamiltonian_Vision_Kernel/Main2/Scripts/phase_transition_frames/epoch_0038.png,0.0069565544836223125,0.013381710276007652,-0.6425155997276306,-0.13035665452480316,0.002141505479812622
monalisa.jpg,39,39,/home/adminpc/Desktop/HVK/Script/Hamiltonian_Vision_Kernel/Main2/Scripts/phase_transition_frames/epoch_0039.png,0.006319466046988964,0.012965613976120949,-0.6646147966384888,-0.13005733489990234,0.00029931962490081787
monalisa.jpg,40,40,/home/adminpc/Desktop/HVK/Script/Hamiltonian_Vision_Kernel/Main2/Scripts/phase_transition_frames/epoch_0040.png,0.005755923688411713,0.012621849775314331,-0.6865926384925842,-0.12992079555988312,0.00013653934001922607
monalisa.jpg,41,41,/home/adminpc/Desktop/HVK/Script/Hamiltonian_Vision_Kernel/Main2/Scripts/phase_transition_frames/epoch_0041.png,0.0052683367393910885,0.012350063771009445,-0.7081727385520935,-0.12908197939395905,0.0008388161659240723
monalisa.jpg,42,42,/home/adminpc/Desktop/HVK/Script/Hamiltonian_Vision_Kernel/Main2/Scripts/phase_transition_frames/epoch_0042.png,0.0047820392064750195,0.012075765058398247,-0.7293726205825806,-0.12797169387340546,0.0011102855205535889
monalisa.jpg,43,43,/home/adminpc/Desktop/HVK/Script/Hamiltonian_Vision_Kernel/Main2/Scripts/phase_transition_frames/epoch_0043.png,0.004220695700496435,0.011724825017154217,-0.7504129409790039,-0.12572014331817627,0.002251550555229187
monalisa.jpg,44,44,/home/adminpc/Desktop/HVK/Script/Hamiltonian_Vision_Kernel/Main2/Scripts/phase_transition_frames/epoch_0044.png,0.003677607048302889,0.011395830661058426,-0.7718223929405212,-0.12283238768577576,0.0028877556324005127
monalisa.jpg,45,45,/home/adminpc/Desktop/HVK/Script/Hamiltonian_Vision_Kernel/Main2/Scripts/phase_transition_frames/epoch_0045.png,0.0032106274738907814,0.011149931699037552,-0.7939304113388062,-0.12173465639352798,0.0010977312922477722
monalisa.jpg,46,46,/home/adminpc/Desktop/HVK/Script/Hamiltonian_Vision_Kernel/Main2/Scripts/phase_transition_frames/epoch_0046.png,0.002731633372604847,0.010903427377343178,-0.8171794414520264,-0.12034668028354645,0.0013879761099815369
monalisa.jpg,47,47,/home/adminpc/Desktop/HVK/Script/Hamiltonian_Vision_Kernel/Main2/Scripts/phase_transition_frames/epoch_0047.png,0.002190784551203251,0.010608341544866562,-0.841755747795105,-0.11632359027862549,0.0040230900049209595
monalisa.jpg,48,48,/home/adminpc/Desktop/HVK/Script/Hamiltonian_Vision_Kernel/Main2/Scripts/phase_transition_frames/epoch_0048.png,0.0016650771722197533,0.010341644287109375,-0.8676567077636719,-0.11519203335046768,0.0011315569281578064
monalisa.jpg,49,49,/home/adminpc/Desktop/HVK/Script/Hamiltonian_Vision_Kernel/Main2/Scripts/phase_transition_frames/epoch_0049.png,0.0011606477200984955,0.010106058791279793,-0.8945411443710327,-0.11427424848079681,0.0009177848696708679
monalisa.jpg,50,50,/home/adminpc/Desktop/HVK/Script/Hamiltonian_Vision_Kernel/Main2/Scripts/phase_transition_frames/epoch_0050.png,0.0006064297631382942,0.009825952351093292,-0.9219523072242737,-0.11063157767057419,0.0036426708102226257
monalisa.jpg,51,51,/home/adminpc/Desktop/HVK/Script/Hamiltonian_Vision_Kernel/Main2/Scripts/phase_transition_frames/epoch_0051.png,0.00013871770352125168,0.009631652384996414,-0.9492934942245483,-0.10729934275150299,0.0033322349190711975
monalisa.jpg,52,52,/home/adminpc/Desktop/HVK/Script/Hamiltonian_Vision_Kernel/Main2/Scripts/phase_transition_frames/epoch_0052.png,-0.00041470304131507874,0.009348953142762184,-0.9763656258583069,-0.10615259408950806,0.001146748661994934
monalisa.jpg,53,53,/home/adminpc/Desktop/HVK/Script/Hamiltonian_Vision_Kernel/Main2/Scripts/phase_transition_frames/epoch_0053.png,-0.0009133517742156982,0.009120075032114983,-1.0033427476882935,-0.10541573911905289,0.0007368549704551697
monalisa.jpg,54,54,/home/adminpc/Desktop/HVK/Script/Hamiltonian_Vision_Kernel/Main2/Scripts/phase_transition_frames/epoch_0054.png,-0.0013910811394453049,0.008913648314774036,-1.030472993850708,-0.09943193197250366,0.005983807146549225
monalisa.jpg,55,55,/home/adminpc/Desktop/HVK/Script/Hamiltonian_Vision_Kernel/Main2/Scripts/phase_transition_frames/epoch_0055.png,-0.001938297413289547,0.008645603433251381,-1.0583901405334473,-0.0974169373512268,0.0020149946212768555
monalisa.jpg,56,56,/home/adminpc/Desktop/HVK/Script/Hamiltonian_Vision_Kernel/Main2/Scripts/phase_transition_frames/epoch_0056.png,-0.0024853255599737167,0.008389269933104515,-1.0874595642089844,-0.0925581306219101,0.004858806729316711
monalisa.jpg,57,57,/home/adminpc/Desktop/HVK/Script/Hamiltonian_Vision_Kernel/Main2/Scripts/phase_transition_frames/epoch_0057.png,-0.003001270815730095,0.008170360699295998,-1.1171631813049316,-0.09391813725233078,0.0013600066304206848
monalisa.jpg,58,58,/home/adminpc/Desktop/HVK/Script/Hamiltonian_Vision_Kernel/Main2/Scripts/phase_transition_frames/epoch_0058.png,-0.0035827569663524628,0.007885996252298355,-1.1468753814697266,-0.08960139751434326,0.004316739737987518
monalisa.jpg,59,59,/home/adminpc/Desktop/HVK/Script/Hamiltonian_Vision_Kernel/Main2/Scripts/phase_transition_frames/epoch_0059.png,-0.004121134057641029,0.007644138298928738,-1.1765272617340088,-0.08657699078321457,0.0030244067311286926
monalisa.jpg,60,60,/home/adminpc/Desktop/HVK/Script/Hamiltonian_Vision_Kernel/Main2/Scripts/phase_transition_frames/epoch_0060.png,-0.004663740750402212,0.007396995555609465,-1.2060736417770386,-0.08465603739023209,0.001920953392982483
monalisa.jpg,61,61,/home/adminpc/Desktop/HVK/Script/Hamiltonian_Vision_Kernel/Main2/Scripts/phase_transition_frames/epoch_0061.png,-0.005178715568035841,0.007186064962297678,-1.2364780902862549,-0.08285225182771683,0.0018037855625152588
monalisa.jpg,62,62,/home/adminpc/Desktop/HVK/Script/Hamiltonian_Vision_Kernel/Main2/Scripts/phase_transition_frames/epoch_0062.png,-0.005740299355238676,0.006937050726264715,-1.2677350044250488,-0.07725340127944946,0.0055988505482673645
monalisa.jpg,63,63,/home/adminpc/Desktop/HVK/Script/Hamiltonian_Vision_Kernel/Main2/Scripts/phase_transition_frames/epoch_0063.png,-0.006280702538788319,0.006722224876284599,-1.300292730331421,-0.07909870147705078,0.0018453001976013184
monalisa.jpg,64,64,/home/adminpc/Desktop/HVK/Script/Hamiltonian_Vision_Kernel/Main2/Scripts/phase_transition_frames/epoch_0064.png,-0.006798023357987404,0.006549973040819168,-1.3347996473312378,-0.07329479604959488,0.005803905427455902
monalisa.jpg,65,65,/home/adminpc/Desktop/HVK/Script/Hamiltonian_Vision_Kernel/Main2/Scripts/phase_transition_frames/epoch_0065.png,-0.0073081692680716515,0.006389103829860687,-1.369727373123169,-0.07156282663345337,0.00173196941614151
monalisa.jpg,66,66,/home/adminpc/Desktop/HVK/Script/Hamiltonian_Vision_Kernel/Main2/Scripts/phase_transition_frames/epoch_0066.png,-0.007885592989623547,0.006161632016301155,-1.4047225713729858,-0.06855830550193787,0.003004521131515503
monalisa.jpg,67,67,/home/adminpc/Desktop/HVK/Script/Hamiltonian_Vision_Kernel/Main2/Scripts/phase_transition_frames/epoch_0067.png,-0.008404679596424103,0.005992644466459751,-1.4397324323654175,-0.06553156673908234,0.00302673876285553
monalisa.jpg,68,68,/home/adminpc/Desktop/HVK/Script/Hamiltonian_Vision_Kernel/Main2/Scripts/phase_transition_frames/epoch_0068.png,-0.008963163942098618,0.005801536608487368,-1.4764701128005981,-0.059709176421165466,0.00582239031791687
monalisa.jpg,69,69,/home/adminpc/Desktop/HVK/Script/Hamiltonian_Vision_Kernel/Main2/Scripts/phase_transition_frames/epoch_0069.png,-0.009503986686468124,0.005648912861943245,-1.5152900218963623,-0.056468963623046875,0.0032402127981185913
monalisa.jpg,70,70,/home/adminpc/Desktop/HVK/Script/Hamiltonian_Vision_Kernel/Main2/Scripts/phase_transition_frames/epoch_0070.png,-0.010016804561018944,0.005550742149353027,-1.5567547082901,-0.05054253712296486,0.005926426500082016
monalisa.jpg,71,71,/home/adminpc/Desktop/HVK/Script/Hamiltonian_Vision_Kernel/Main2/Scripts/phase_transition_frames/epoch_0071.png,-0.010569659061729908,0.005412091501057148,-1.598175048828125,-0.04730675369501114,0.00323578342795372
monalisa.jpg,72,72,/home/adminpc/Desktop/HVK/Script/Hamiltonian_Vision_Kernel/Main2/Scripts/phase_transition_frames/epoch_0072.png,-0.011139155365526676,0.005251984111964703,-1.6391139030456543,-0.0435766726732254,0.003730081021785736
monalisa.jpg,73,73,/home/adminpc/Desktop/HVK/Script/Hamiltonian_Vision_Kernel/Main2/Scripts/phase_transition_frames/epoch_0073.png,-0.011599117890000343,0.0052162702195346355,-1.6815389394760132,-0.037005167454481125,0.006571505218744278
monalisa.jpg,74,74,/home/adminpc/Desktop/HVK/Script/Hamiltonian_Vision_Kernel/Main2/Scripts/phase_transition_frames/epoch_0074.png,-0.012270956300199032,0.004993109963834286,-1.7264066934585571,-0.03304395079612732,0.0039612166583538055
monalisa.jpg,75,75,/home/adminpc/Desktop/HVK/Script/Hamiltonian_Vision_Kernel/Main2/Scripts/phase_transition_frames/epoch_0075.png,-0.012816882692277431,0.004936314187943935,-1.7753198146820068,-0.026440918445587158,0.006603032350540161
monalisa.jpg,76,76,/home/adminpc/Desktop/HVK/Script/Hamiltonian_Vision_Kernel/Main2/Scripts/phase_transition_frames/epoch_0076.png,-0.01329018734395504,0.004921351093798876,-1.8211537599563599,-0.020871538668870926,0.005569379776716232
monalisa.jpg,77,77,/home/adminpc/Desktop/HVK/Script/Hamiltonian_Vision_Kernel/Main2/Scripts/phase_transition_frames/epoch_0077.png,-0.013928776606917381,0.004708327353000641,-1.8637105226516724,-0.016845228150486946,0.00402631051838398
monalisa.jpg,78,78,/home/adminpc/Desktop/HVK/Script/Hamiltonian_Vision_Kernel/Main2/Scripts/phase_transition_frames/epoch_0078.png,-0.01453636959195137,0.004575876519083977,-1.911224603652954,-0.0105111263692379,0.006334101781249046
monalisa.jpg,79,79,/home/adminpc/Desktop/HVK/Script/Hamiltonian_Vision_Kernel/Main2/Scripts/phase_transition_frames/epoch_0079.png,-0.015093831345438957,0.004582222551107407,-1.967605471611023,-0.002613464370369911,0.007897661998867989
monalisa.jpg,80,80,/home/adminpc/Desktop/HVK/Script/Hamiltonian_Vision_Kernel/Main2/Scripts/phase_transition_frames/epoch_0080.png,-0.015692705288529396,0.0045698960311710835,-2.0262601375579834,0.005595540627837181,0.008209004998207092
monalisa.jpg,81,81,/home/adminpc/Desktop/HVK/Script/Hamiltonian_Vision_Kernel/Main2/Scripts/phase_transition_frames/epoch_0081.png,-0.01631680317223072,0.004481421317905188,-2.079822540283203,0.010565374046564102,0.004969833418726921
monalisa.jpg,82,82,/home/adminpc/Desktop/HVK/Script/Hamiltonian_Vision_Kernel/Main2/Scripts/phase_transition_frames/epoch_0082.png,-0.01695983298122883,0.004367514047771692,-2.132734775543213,0.020257126539945602,0.0096917524933815
monalisa.jpg,83,83,/home/adminpc/Desktop/HVK/Script/Hamiltonian_Vision_Kernel/Main2/Scripts/phase_transition_frames/epoch_0083.png,-0.017584212124347687,0.0043029459193348885,-2.188715696334839,0.025819962844252586,0.005562836304306984
monalisa.jpg,84,84,/home/adminpc/Desktop/HVK/Script/Hamiltonian_Vision_Kernel/Main2/Scripts/phase_transition_frames/epoch_0084.png,-0.01817062869668007,0.004287230782210827,-2.24578595161438,0.032735224813222885,0.006915261968970299
monalisa.jpg,85,85,/home/adminpc/Desktop/HVK/Script/Hamiltonian_Vision_Kernel/Main2/Scripts/phase_transition_frames/epoch_0085.png,-0.018904050812125206,0.0041913376189768314,-2.3095388412475586,0.04126635566353798,0.008531130850315094
monalisa.jpg,86,86,/home/adminpc/Desktop/HVK/Script/Hamiltonian_Vision_Kernel/Main2/Scripts/phase_transition_frames/epoch_0086.png,-0.019592635333538055,0.004185994155704975,-2.3778631687164307,0.049526091665029526,0.008259736001491547
monalisa.jpg,87,87,/home/adminpc/Desktop/HVK/Script/Hamiltonian_Vision_Kernel/Main2/Scripts/phase_transition_frames/epoch_0087.png,-0.02020464837551117,0.004211843013763428,-2.4416491985321045,0.05681481957435608,0.007288727909326553
monalisa.jpg,88,88,/home/adminpc/Desktop/HVK/Script/Hamiltonian_Vision_Kernel/Main2/Scripts/phase_transition_frames/epoch_0088.png,-0.02093452773988247,0.004148690029978752,-2.508321762084961,0.06603676825761795,0.009221948683261871
monalisa.jpg,89,89,/home/adminpc/Desktop/HVK/Script/Hamiltonian_Vision_Kernel/Main2/Scripts/phase_transition_frames/epoch_0089.png,-0.021618476137518883,0.004135202616453171,-2.5753679275512695,0.07468919456005096,0.008652426302433014
monalisa.jpg,90,90,/home/adminpc/Desktop/HVK/Script/Hamiltonian_Vision_Kernel/Main2/Scripts/phase_transition_frames/epoch_0090.png,-0.022277183830738068,0.004015405662357807,-2.629258871078491,0.07963846623897552,0.0049492716789245605
monalisa.jpg,91,91,/home/adminpc/Desktop/HVK/Script/Hamiltonian_Vision_Kernel/Main2/Scripts/phase_transition_frames/epoch_0091.png,-0.023122496902942657,0.0039139315485954285,-2.7036428451538086,0.08548127859830856,0.005842812359333038
monalisa.jpg,92,92,/home/adminpc/Desktop/HVK/Script/Hamiltonian_Vision_Kernel/Main2/Scripts/phase_transition_frames/epoch_0092.png,-0.02378886751830578,0.003961194772273302,-2.7750062942504883,0.0921771377325058,0.006695859134197235
monalisa.jpg,93,93,/home/adminpc/Desktop/HVK/Script/Hamiltonian_Vision_Kernel/Main2/Scripts/phase_transition_frames/epoch_0093.png,-0.024418199434876442,0.003895360743626952,-2.8313560485839844,0.09546388685703278,0.0032867491245269775
monalisa.jpg,94,94,/home/adminpc/Desktop/HVK/Script/Hamiltonian_Vision_Kernel/Main2/Scripts/phase_transition_frames/epoch_0094.png,-0.025281062349677086,0.0038560782559216022,-2.9137141704559326,0.10504936426877975,0.009585477411746979
monalisa.jpg,95,95,/home/adminpc/Desktop/HVK/Script/Hamiltonian_Vision_Kernel/Main2/Scripts/phase_transition_frames/epoch_0095.png,-0.025899754837155342,0.004022863227874041,-2.9922618865966797,0.11241002380847931,0.0073606595396995544
monalisa.jpg,96,96,/home/adminpc/Desktop/HVK/Script/Hamiltonian_Vision_Kernel/Main2/Scripts/phase_transition_frames/epoch_0096.png,-0.02653311751782894,0.0038467589765787125,-3.03798770904541,0.10979844629764557,0.0026115775108337402
monalisa.jpg,97,97,/home/adminpc/Desktop/HVK/Script/Hamiltonian_Vision_Kernel/Main2/Scripts/phase_transition_frames/epoch_0097.png,-0.027616485953330994,0.0035760069731622934,-3.1192493438720703,0.11965644359588623,0.009857997298240662
monalisa.jpg,98,98,/home/adminpc/Desktop/HVK/Script/Hamiltonian_Vision_Kernel/Main2/Scripts/phase_transition_frames/epoch_0098.png,-0.028045447543263435,0.004004971589893103,-3.2050418853759766,0.12747785449028015,0.007821410894393921
monalisa.jpg,99,99,/home/adminpc/Desktop/HVK/Script/Hamiltonian_Vision_Kernel/Main2/Scripts/phase_transition_frames/epoch_0099.png,-0.029053017497062683,0.0035738451406359673,-3.262686252593994,0.12773549556732178,0.000257641077041626
monalisa.jpg,100,100,/home/adminpc/Desktop/HVK/Script/Hamiltonian_Vision_Kernel/Main2/Scripts/phase_transition_frames/epoch_0100.png,-0.029749944806098938,0.0036033205687999725,-3.3353264331817627,0.13286569714546204,0.005130201578140259
monalisa.jpg,101,101,/home/adminpc/Desktop/HVK/Script/Hamiltonian_Vision_Kernel/Main2/Scripts/phase_transition_frames/epoch_0101.png,-0.030470110476017,0.0037651327438652515,-3.4235243797302246,0.1395493447780609,0.006683647632598877
monalisa.jpg,102,102,/home/adminpc/Desktop/HVK/Script/Hamiltonian_Vision_Kernel/Main2/Scripts/phase_transition_frames/epoch_0102.png,-0.031429145485162735,0.003434552578255534,-3.486370086669922,0.1401747763156891,0.0006254315376281738
monalisa.jpg,103,103,/home/adminpc/Desktop/HVK/Script/Hamiltonian_Vision_Kernel/Main2/Scripts/phase_transition_frames/epoch_0103.png,-0.031981032341718674,0.0034597855992615223,-3.544081926345825,0.1401256024837494,4.9173831939697266e-05
monalisa.jpg,104,104,/home/adminpc/Desktop/HVK/Script/Hamiltonian_Vision_Kernel/Main2/Scripts/phase_transition_frames/epoch_0104.png,-0.03292972594499588,0.0033416952937841415,-3.6271419525146484,0.14560964703559875,0.005484044551849365
monalisa.jpg,105,105,/home/adminpc/Desktop/HVK/Script/Hamiltonian_Vision_Kernel/Main2/Scripts/phase_transition_frames/epoch_0105.png,-0.0335833914577961,0.0034629355650395155,-3.7046327590942383,0.14952650666236877,0.0039168596267700195
monalisa.jpg,106,106,/home/adminpc/Desktop/HVK/Script/Hamiltonian_Vision_Kernel/Main2/Scripts/phase_transition_frames/epoch_0106.png,-0.03411051258444786,0.003536042757332325,-3.764655590057373,0.15015795826911926,0.0006314516067504883
monalisa.jpg,107,107,/home/adminpc/Desktop/HVK/Script/Hamiltonian_Vision_Kernel/Main2/Scripts/phase_transition_frames/epoch_0107.png,-0.03515413776040077,0.003306278260424733,-3.846041679382324,0.1523267775774002,0.002168819308280945
monalisa.jpg,108,108,/home/adminpc/Desktop/HVK/Script/Hamiltonian_Vision_Kernel/Main2/Scripts/phase_transition_frames/epoch_0108.png,-0.03557915985584259,0.003626755438745022,-3.9205918312072754,0.15673893690109253,0.004412159323692322
monalisa.jpg,109,109,/home/adminpc/Desktop/HVK/Script/Hamiltonian_Vision_Kernel/Main2/Scripts/phase_transition_frames/epoch_0109.png,-0.03648586571216583,0.0032862331718206406,-3.97721004486084,0.15486925840377808,0.0018696784973144531
monalisa.jpg,110,110,/home/adminpc/Desktop/HVK/Script/Hamiltonian_Vision_Kernel/Main2/Scripts/phase_transition_frames/epoch_0110.png,-0.03736889734864235,0.0031803667079657316,-4.05492639541626,0.15480780601501465,6.145238876342773e-05
monalisa.jpg,111,111,/home/adminpc/Desktop/HVK/Script/Hamiltonian_Vision_Kernel/Main2/Scripts/phase_transition_frames/epoch_0111.png,-0.03765686973929405,0.0037289210595190525,-4.138579368591309,0.15733110904693604,0.0025233030319213867
monalisa.jpg,112,112,/home/adminpc/Desktop/HVK/Script/Hamiltonian_Vision_Kernel/Main2/Scripts/phase_transition_frames/epoch_0112.png,-0.03821280226111412,0.003681404050439596,-4.189420700073242,0.15732046961784363,1.0639429092407227e-05
monalisa.jpg,113,113,/home/adminpc/Desktop/HVK/Script/Hamiltonian_Vision_Kernel/Main2/Scripts/phase_transition_frames/epoch_0113.png,-0.039519499987363815,0.003000943223014474,-4.252044677734375,0.15373842418193817,0.0035820454359054565
monalisa.jpg,114,114,/home/adminpc/Desktop/HVK/Script/Hamiltonian_Vision_Kernel/Main2/Scripts/phase_transition_frames/epoch_0114.png,-0.040031928569078445,0.0033209931571036577,-4.335292339324951,0.1581835150718689,0.004445090889930725
monalisa.jpg,115,115,/home/adminpc/Desktop/HVK/Script/Hamiltonian_Vision_Kernel/Main2/Scripts/phase_transition_frames/epoch_0115.png,-0.04126179218292236,0.0028189821168780327,-4.408077716827393,0.15745356678962708,0.0007299482822418213
monalisa.jpg,116,116,/home/adminpc/Desktop/HVK/Script/Hamiltonian_Vision_Kernel/Main2/Scripts/phase_transition_frames/epoch_0116.png,-0.04152160882949829,0.003193496260792017,-4.471510887145996,0.15747442841529846,2.086162567138672e-05
monalisa.jpg,117,117,/home/adminpc/Desktop/HVK/Script/Hamiltonian_Vision_Kernel/Main2/Scripts/phase_transition_frames/epoch_0117.png,-0.042653024196624756,0.0028242843691259623,-4.547730922698975,0.15699544548988342,0.00047898292541503906
monalisa.jpg,118,118,/home/adminpc/Desktop/HVK/Script/Hamiltonian_Vision_Kernel/Main2/Scripts/phase_transition_frames/epoch_0118.png,-0.04316339269280434,0.003005120437592268,-4.616851329803467,0.15759818255901337,0.0006027370691299438
monalisa.jpg,119,119,/home/adminpc/Desktop/HVK/Script/Hamiltonian_Vision_Kernel/Main2/Scripts/phase_transition_frames/epoch_0119.png,-0.04415322467684746,0.0026111965999007225,-4.6764421463012695,0.15609802305698395,0.001500159502029419
monalisa.jpg,120,120,/home/adminpc/Desktop/HVK/Script/Hamiltonian_Vision_Kernel/Main2/Scripts/phase_transition_frames/epoch_0120.png,-0.044580426067113876,0.002832047175616026,-4.741247653961182,0.15307627618312836,0.003021746873855591
